data,subject,count,label,onset_frame,apex_frame,offset_frame,onset_frame_path,apex_frame_path,off_frame_path
CAS(ME)3,1,1,0,373,381,385,D:\HTNet-master\NEW_MODEL\CASME_3\01\color\1_1\373.jpg,D:\HTNet-master\NEW_MODEL\CASME_3\01\color\1_1\381.jpg,D:\HTNet-master\NEW_MODEL\CASME_3\01\color\1_1\385.jpg
CAS(ME)3,1,2,2,6450,6463,6464,D:\HTNet-master\NEW_MODEL\CASME_3\01\color\1_2\6450.jpg,D:\HTNet-master\NEW_MODEL\CASME_3\01\color\1_2\6463.jpg,D:\HTNet-master\NEW_MODEL\CASME_3\01\color\1_2\6464.jpg
CAS(ME)3,1,3,-1,7108,7114,7121,D:\HTNet-master\NEW_MODEL\CASME_3\01\color\1_3\7108.jpg,D:\HTNet-master\NEW_MODEL\CASME_3\01\color\1_3\7114.jpg,D:\HTNet-master\NEW_MODEL\CASME_3\01\color\1_3\7121.jpg
CAS(ME)3,2,1,2,311,314,316,D:\HTNet-master\NEW_MODEL\CASME_3\02\color\2_1\311.jpg,D:\HTNet-master\NEW_MODEL\CASME_3\02\color\2_1\314.jpg,D:\HTNet-master\NEW_MODEL\CASME_3\02\color\2_1\316.jpg
CAS(ME)3,3,1,1,1360,1366,1372,D:\HTNet-master\NEW_MODEL\CASME_3\03\color\3_1\1360.jpg,D:\HTNet-master\NEW_MODEL\CASME_3\03\color\3_1\1366.jpg,D:\HTNet-master\NEW_MODEL\CASME_3\03\color\3_1\1372.jpg
CAS(ME)3,3,2,2,3243,3248,3258,D:\HTNet-master\NEW_MODEL\CASME_3\03\color\3_2\3243.jpg,D:\HTNet-master\NEW_MODEL\CASME_3\03\color\3_2\3248.jpg,D:\HTNet-master\NEW_MODEL\CASME_3\03\color\3_2\3258.jpg
CAS(ME)3,4,1,-1,520,522,525,D:\HTNet-master\NEW_MODEL\CASME_3\04\color\4_1\520.jpg,D:\HTNet-master\NEW_MODEL\CASME_3\04\color\4_1\522.jpg,D:\HTNet-master\NEW_MODEL\CASME_3\04\color\4_1\525.jpg
CAS(ME)3,4,2,-1,715,718,725,D:\HTNet-master\NEW_MODEL\CASME_3\04\color\4_2\715.jpg,D:\HTNet-master\NEW_MODEL\CASME_3\04\color\4_2\718.jpg,D:\HTNet-master\NEW_MODEL\CASME_3\04\color\4_2\724.jpg
CAS(ME)3,4,3,0,1889,1896,1899,D:\HTNet-master\NEW_MODEL\CASME_3\04\color\4_3\1889.jpg,D:\HTNet-master\NEW_MODEL\CASME_3\04\color\4_3\1896.jpg,D:\HTNet-master\NEW_MODEL\CASME_3\04\color\4_3\1899.jpg
CAS(ME)3,4,4,0,2113,2122,2127,D:\HTNet-master\NEW_MODEL\CASME_3\04\color\4_4\2113.jpg,D:\HTNet-master\NEW_MODEL\CASME_3\04\color\4_4\2122.jpg,D:\HTNet-master\NEW_MODEL\CASME_3\04\color\4_4\2127.jpg
CAS(ME)3,4,5,0,4150,4154,4163,D:\HTNet-master\NEW_MODEL\CASME_3\04\color\4_5\4150.jpg,D:\HTNet-master\NEW_MODEL\CASME_3\04\color\4_5\4154.jpg,D:\HTNet-master\NEW_MODEL\CASME_3\04\color\4_5\4163.jpg
CAS(ME)3,4,6,1,4770,4773,4780,D:\HTNet-master\NEW_MODEL\CASME_3\04\color\4_6\4771.jpg,D:\HTNet-master\NEW_MODEL\CASME_3\04\color\4_6\4773.jpg,D:\HTNet-master\NEW_MODEL\CASME_3\04\color\4_6\4780.jpg
CAS(ME)3,4,7,0,5928,5930,5939,D:\HTNet-master\NEW_MODEL\CASME_3\04\color\4_7\5928.jpg,D:\HTNet-master\NEW_MODEL\CASME_3\04\color\4_7\5930.jpg,D:\HTNet-master\NEW_MODEL\CASME_3\04\color\4_7\5939.jpg
CAS(ME)3,4,8,0,8694,8698,8703,D:\HTNet-master\NEW_MODEL\CASME_3\04\color\4_8\8694.jpg,D:\HTNet-master\NEW_MODEL\CASME_3\04\color\4_8\8698.jpg,D:\HTNet-master\NEW_MODEL\CASME_3\04\color\4_8\8703.jpg
CAS(ME)3,4,9,0,9549,9559,9564,D:\HTNet-master\NEW_MODEL\CASME_3\04\color\4_9\9549.jpg,D:\HTNet-master\NEW_MODEL\CASME_3\04\color\4_9\9559.jpg,D:\HTNet-master\NEW_MODEL\CASME_3\04\color\4_9\9564.jpg
CAS(ME)3,4,10,0,10135,10142,10142,D:\HTNet-master\NEW_MODEL\CASME_3\04\color\4_10\10136.jpg,D:\HTNet-master\NEW_MODEL\CASME_3\04\color\4_10\10142.jpg,D:\HTNet-master\NEW_MODEL\CASME_3\04\color\4_10\10142.jpg
CAS(ME)3,4,11,0,13939,13947,13948,D:\HTNet-master\NEW_MODEL\CASME_3\04\color\4_11\13941.jpg,D:\HTNet-master\NEW_MODEL\CASME_3\04\color\4_11\13947.jpg,D:\HTNet-master\NEW_MODEL\CASME_3\04\color\4_11\13948.jpg
CAS(ME)3,5,1,2,1201,1207,1208,D:\HTNet-master\NEW_MODEL\CASME_3\05\color\5_1\1201.jpg,D:\HTNet-master\NEW_MODEL\CASME_3\05\color\5_1\1207.jpg,D:\HTNet-master\NEW_MODEL\CASME_3\05\color\5_1\1208.jpg
CAS(ME)3,5,2,0,1994,2002,2010,D:\HTNet-master\NEW_MODEL\CASME_3\05\color\5_2\1994.jpg,D:\HTNet-master\NEW_MODEL\CASME_3\05\color\5_2\2002.jpg,D:\HTNet-master\NEW_MODEL\CASME_3\05\color\5_2\2010.jpg
CAS(ME)3,5,3,0,12177,12187,12188,D:\HTNet-master\NEW_MODEL\CASME_3\05\color\5_3\12177.jpg,D:\HTNet-master\NEW_MODEL\CASME_3\05\color\5_3\12187.jpg,D:\HTNet-master\NEW_MODEL\CASME_3\05\color\5_3\12188.jpg
CAS(ME)3,6,1,0,5697,5712,5712,D:\HTNet-master\NEW_MODEL\CASME_3\06\color\6_1\5697.jpg,D:\HTNet-master\NEW_MODEL\CASME_3\06\color\6_1\5712.jpg,D:\HTNet-master\NEW_MODEL\CASME_3\06\color\6_1\5712.jpg
CAS(ME)3,7,1,0,4338,4348,4349,D:\HTNet-master\NEW_MODEL\CASME_3\07\color\7_1\4338.jpg,D:\HTNet-master\NEW_MODEL\CASME_3\07\color\7_1\4348.jpg,D:\HTNet-master\NEW_MODEL\CASME_3\07\color\7_1\4349.jpg
CAS(ME)3,7,2,0,5130,5138,5143,D:\HTNet-master\NEW_MODEL\CASME_3\07\color\7_2\5130.jpg,D:\HTNet-master\NEW_MODEL\CASME_3\07\color\7_2\5138.jpg,D:\HTNet-master\NEW_MODEL\CASME_3\07\color\7_2\5143.jpg
CAS(ME)3,7,3,0,7497,7499,7508,D:\HTNet-master\NEW_MODEL\CASME_3\07\color\7_3\7497.jpg,D:\HTNet-master\NEW_MODEL\CASME_3\07\color\7_3\7499.jpg,D:\HTNet-master\NEW_MODEL\CASME_3\07\color\7_3\7508.jpg
CAS(ME)3,7,4,0,11925,11927,11936,D:\HTNet-master\NEW_MODEL\CASME_3\07\color\7_4\11925.jpg,D:\HTNet-master\NEW_MODEL\CASME_3\07\color\7_4\11927.jpg,D:\HTNet-master\NEW_MODEL\CASME_3\07\color\7_4\11936.jpg
CAS(ME)3,8,1,0,5050,5055,5064,D:\HTNet-master\NEW_MODEL\CASME_3\08\color\8_1\5050.jpg,D:\HTNet-master\NEW_MODEL\CASME_3\08\color\8_1\5055.jpg,D:\HTNet-master\NEW_MODEL\CASME_3\08\color\8_1\5064.jpg
CAS(ME)3,8,2,0,5573,5577,5586,D:\HTNet-master\NEW_MODEL\CASME_3\08\color\8_2\5573.jpg,D:\HTNet-master\NEW_MODEL\CASME_3\08\color\8_2\5577.jpg,D:\HTNet-master\NEW_MODEL\CASME_3\08\color\8_2\5586.jpg
CAS(ME)3,8,3,2,11298,11304,11306,D:\HTNet-master\NEW_MODEL\CASME_3\08\color\8_3\11298.jpg,D:\HTNet-master\NEW_MODEL\CASME_3\08\color\8_3\11304.jpg,D:\HTNet-master\NEW_MODEL\CASME_3\08\color\8_3\11306.jpg
CAS(ME)3,9,1,2,13038,13041,13042,D:\HTNet-master\NEW_MODEL\CASME_3\09\color\9_1\13039.jpg,D:\HTNet-master\NEW_MODEL\CASME_3\09\color\9_1\13041.jpg,D:\HTNet-master\NEW_MODEL\CASME_3\09\color\9_1\13042.jpg
CAS(ME)3,10,1,0,2704,2712,2718,D:\HTNet-master\NEW_MODEL\CASME_3\10\color\10_1\2705.jpg,D:\HTNet-master\NEW_MODEL\CASME_3\10\color\10_1\2712.jpg,D:\HTNet-master\NEW_MODEL\CASME_3\10\color\10_1\2718.jpg
CAS(ME)3,10,2,0,3590,3597,3603,D:\HTNet-master\NEW_MODEL\CASME_3\10\color\10_2\3590.jpg,D:\HTNet-master\NEW_MODEL\CASME_3\10\color\10_2\3597.jpg,D:\HTNet-master\NEW_MODEL\CASME_3\10\color\10_2\3603.jpg
CAS(ME)3,11,1,0,3440,3444,3446,D:\HTNet-master\NEW_MODEL\CASME_3\11\color\11_1\3440.jpg,D:\HTNet-master\NEW_MODEL\CASME_3\11\color\11_1\3444.jpg,D:\HTNet-master\NEW_MODEL\CASME_3\11\color\11_1\3446.jpg
CAS(ME)3,11,2,0,3450,3459,3460,D:\HTNet-master\NEW_MODEL\CASME_3\11\color\11_2\3450.jpg,D:\HTNet-master\NEW_MODEL\CASME_3\11\color\11_2\3459.jpg,D:\HTNet-master\NEW_MODEL\CASME_3\11\color\11_2\3460.jpg
CAS(ME)3,11,3,1,4062,4064,4076,D:\HTNet-master\NEW_MODEL\CASME_3\11\color\11_3\4062.jpg,D:\HTNet-master\NEW_MODEL\CASME_3\11\color\11_3\4064.jpg,D:\HTNet-master\NEW_MODEL\CASME_3\11\color\11_3\4076.jpg
CAS(ME)3,11,4,0,11382,11385,11394,D:\HTNet-master\NEW_MODEL\CASME_3\11\color\11_4\11382.jpg,D:\HTNet-master\NEW_MODEL\CASME_3\11\color\11_4\11385.jpg,D:\HTNet-master\NEW_MODEL\CASME_3\11\color\11_4\11394.jpg
CAS(ME)3,12,1,0,744,748,756,D:\HTNet-master\NEW_MODEL\CASME_3\12\color\12_1\744.jpg,D:\HTNet-master\NEW_MODEL\CASME_3\12\color\12_1\748.jpg,D:\HTNet-master\NEW_MODEL\CASME_3\12\color\12_1\756.jpg
CAS(ME)3,12,2,0,1147,1155,1157,D:\HTNet-master\NEW_MODEL\CASME_3\12\color\12_2\1147.jpg,D:\HTNet-master\NEW_MODEL\CASME_3\12\color\12_2\1155.jpg,D:\HTNet-master\NEW_MODEL\CASME_3\12\color\12_2\1157.jpg
CAS(ME)3,12,3,2,6226,6233,6237,D:\HTNet-master\NEW_MODEL\CASME_3\12\color\12_3\6227.jpg,D:\HTNet-master\NEW_MODEL\CASME_3\12\color\12_3\6233.jpg,D:\HTNet-master\NEW_MODEL\CASME_3\12\color\12_3\6237.jpg
CAS(ME)3,12,4,-1,11607,11609,11613,D:\HTNet-master\NEW_MODEL\CASME_3\12\color\12_4\11607.jpg,D:\HTNet-master\NEW_MODEL\CASME_3\12\color\12_4\11609.jpg,D:\HTNet-master\NEW_MODEL\CASME_3\12\color\12_4\11613.jpg
CAS(ME)3,12,5,-1,11752,11757,11761,D:\HTNet-master\NEW_MODEL\CASME_3\12\color\12_5\11752.jpg,D:\HTNet-master\NEW_MODEL\CASME_3\12\color\12_5\11757.jpg,D:\HTNet-master\NEW_MODEL\CASME_3\12\color\12_5\11761.jpg
CAS(ME)3,12,6,0,12162,12175,12177,D:\HTNet-master\NEW_MODEL\CASME_3\12\color\12_6\12162.jpg,D:\HTNet-master\NEW_MODEL\CASME_3\12\color\12_6\12175.jpg,D:\HTNet-master\NEW_MODEL\CASME_3\12\color\12_6\12177.jpg
CAS(ME)3,12,7,1,12628,12632,12634,D:\HTNet-master\NEW_MODEL\CASME_3\12\color\12_7\12630.jpg,D:\HTNet-master\NEW_MODEL\CASME_3\12\color\12_7\12632.jpg,D:\HTNet-master\NEW_MODEL\CASME_3\12\color\12_7\12634.jpg
CAS(ME)3,12,8,1,12656,12658,12662,D:\HTNet-master\NEW_MODEL\CASME_3\12\color\12_8\12656.jpg,D:\HTNet-master\NEW_MODEL\CASME_3\12\color\12_8\12658.jpg,D:\HTNet-master\NEW_MODEL\CASME_3\12\color\12_8\12662.jpg
CAS(ME)3,12,9,1,12736,12743,12746,D:\HTNet-master\NEW_MODEL\CASME_3\12\color\12_9\12736.jpg,D:\HTNet-master\NEW_MODEL\CASME_3\12\color\12_9\12743.jpg,D:\HTNet-master\NEW_MODEL\CASME_3\12\color\12_9\12746.jpg
CAS(ME)3,12,10,0,12909,12909,12913,D:\HTNet-master\NEW_MODEL\CASME_3\12\color\12_10\12909.jpg,D:\HTNet-master\NEW_MODEL\CASME_3\12\color\12_10\12909.jpg,D:\HTNet-master\NEW_MODEL\CASME_3\12\color\12_10\12912.jpg
CAS(ME)3,13,1,-1,806,810,814,D:\HTNet-master\NEW_MODEL\CASME_3\13\color\13_1\806.jpg,D:\HTNet-master\NEW_MODEL\CASME_3\13\color\13_1\810.jpg,D:\HTNet-master\NEW_MODEL\CASME_3\13\color\13_1\814.jpg
CAS(ME)3,13,2,2,5967,5974,5977,D:\HTNet-master\NEW_MODEL\CASME_3\13\color\13_2\5967.jpg,D:\HTNet-master\NEW_MODEL\CASME_3\13\color\13_2\5974.jpg,D:\HTNet-master\NEW_MODEL\CASME_3\13\color\13_2\5977.jpg
CAS(ME)3,13,3,0,9691,9697,9706,D:\HTNet-master\NEW_MODEL\CASME_3\13\color\13_3\9691.jpg,D:\HTNet-master\NEW_MODEL\CASME_3\13\color\13_3\9697.jpg,D:\HTNet-master\NEW_MODEL\CASME_3\13\color\13_3\9706.jpg
CAS(ME)3,13,4,1,14310,14315,14322,D:\HTNet-master\NEW_MODEL\CASME_3\13\color\13_4\14310.jpg,D:\HTNet-master\NEW_MODEL\CASME_3\13\color\13_4\14315.jpg,D:\HTNet-master\NEW_MODEL\CASME_3\13\color\13_4\14320.jpg
CAS(ME)3,14,1,0,1437,1450,1453,D:\HTNet-master\NEW_MODEL\CASME_3\14\color\14_1\1437.jpg,D:\HTNet-master\NEW_MODEL\CASME_3\14\color\14_1\1450.jpg,D:\HTNet-master\NEW_MODEL\CASME_3\14\color\14_1\1453.jpg
CAS(ME)3,14,2,0,6572,6580,6584,D:\HTNet-master\NEW_MODEL\CASME_3\14\color\14_2\6572.jpg,D:\HTNet-master\NEW_MODEL\CASME_3\14\color\14_2\6580.jpg,D:\HTNet-master\NEW_MODEL\CASME_3\14\color\14_2\6584.jpg
CAS(ME)3,14,3,2,12356,12369,12370,D:\HTNet-master\NEW_MODEL\CASME_3\14\color\14_3\12356.jpg,D:\HTNet-master\NEW_MODEL\CASME_3\14\color\14_3\12369.jpg,D:\HTNet-master\NEW_MODEL\CASME_3\14\color\14_3\12370.jpg
CAS(ME)3,14,4,0,12547,12556,12560,D:\HTNet-master\NEW_MODEL\CASME_3\14\color\14_4\12547.jpg,D:\HTNet-master\NEW_MODEL\CASME_3\14\color\14_4\12556.jpg,D:\HTNet-master\NEW_MODEL\CASME_3\14\color\14_4\12560.jpg
CAS(ME)3,15,1,0,901,903,912,D:\HTNet-master\NEW_MODEL\CASME_3\15\color\15_1\901.jpg,D:\HTNet-master\NEW_MODEL\CASME_3\15\color\15_1\903.jpg,D:\HTNet-master\NEW_MODEL\CASME_3\15\color\15_1\912.jpg
CAS(ME)3,15,2,0,4326,4331,4340,D:\HTNet-master\NEW_MODEL\CASME_3\15\color\15_2\4326.jpg,D:\HTNet-master\NEW_MODEL\CASME_3\15\color\15_2\4331.jpg,D:\HTNet-master\NEW_MODEL\CASME_3\15\color\15_2\4340.jpg
CAS(ME)3,15,3,2,11770,11778,11784,D:\HTNet-master\NEW_MODEL\CASME_3\15\color\15_3\11770.jpg,D:\HTNet-master\NEW_MODEL\CASME_3\15\color\15_3\11778.jpg,D:\HTNet-master\NEW_MODEL\CASME_3\15\color\15_3\11784.jpg
CAS(ME)3,15,4,0,12489,12491,12494,D:\HTNet-master\NEW_MODEL\CASME_3\15\color\15_4\12490.jpg,D:\HTNet-master\NEW_MODEL\CASME_3\15\color\15_4\12491.jpg,D:\HTNet-master\NEW_MODEL\CASME_3\15\color\15_4\12494.jpg
CAS(ME)3,15,5,0,13433,13442,13444,D:\HTNet-master\NEW_MODEL\CASME_3\15\color\15_5\13433.jpg,D:\HTNet-master\NEW_MODEL\CASME_3\15\color\15_5\13442.jpg,D:\HTNet-master\NEW_MODEL\CASME_3\15\color\15_5\13444.jpg
CAS(ME)3,15,6,0,13839,13849,13849,D:\HTNet-master\NEW_MODEL\CASME_3\15\color\15_6\13839.jpg,D:\HTNet-master\NEW_MODEL\CASME_3\15\color\15_6\13849.jpg,D:\HTNet-master\NEW_MODEL\CASME_3\15\color\15_6\13849.jpg
CAS(ME)3,15,7,0,13850,13851,13863,D:\HTNet-master\NEW_MODEL\CASME_3\15\color\15_7\13850.jpg,D:\HTNet-master\NEW_MODEL\CASME_3\15\color\15_7\13851.jpg,D:\HTNet-master\NEW_MODEL\CASME_3\15\color\15_7\13863.jpg
CAS(ME)3,16,1,-1,5415,5416,5420,D:\HTNet-master\NEW_MODEL\CASME_3\16\color\16_1\5415.jpg,D:\HTNet-master\NEW_MODEL\CASME_3\16\color\16_1\5416.jpg,D:\HTNet-master\NEW_MODEL\CASME_3\16\color\16_1\5419.jpg
CAS(ME)3,16,2,-1,5921,5931,5933,D:\HTNet-master\NEW_MODEL\CASME_3\16\color\16_2\5921.jpg,D:\HTNet-master\NEW_MODEL\CASME_3\16\color\16_2\5931.jpg,D:\HTNet-master\NEW_MODEL\CASME_3\16\color\16_2\5933.jpg
CAS(ME)3,16,3,1,10218,10230,10233,D:\HTNet-master\NEW_MODEL\CASME_3\16\color\16_3\10218.jpg,D:\HTNet-master\NEW_MODEL\CASME_3\16\color\16_3\10230.jpg,D:\HTNet-master\NEW_MODEL\CASME_3\16\color\16_3\10233.jpg
CAS(ME)3,16,4,2,10948,10950,10957,D:\HTNet-master\NEW_MODEL\CASME_3\16\color\16_4\10949.jpg,D:\HTNet-master\NEW_MODEL\CASME_3\16\color\16_4\10950.jpg,D:\HTNet-master\NEW_MODEL\CASME_3\16\color\16_4\10957.jpg
CAS(ME)3,16,5,0,11730,11734,11743,D:\HTNet-master\NEW_MODEL\CASME_3\16\color\16_5\11731.jpg,D:\HTNet-master\NEW_MODEL\CASME_3\16\color\16_5\11734.jpg,D:\HTNet-master\NEW_MODEL\CASME_3\16\color\16_5\11743.jpg
CAS(ME)3,17,1,0,1142,1144,1148,D:\HTNet-master\NEW_MODEL\CASME_3\17\color\17_1\1142.jpg,D:\HTNet-master\NEW_MODEL\CASME_3\17\color\17_1\1144.jpg,D:\HTNet-master\NEW_MODEL\CASME_3\17\color\17_1\1148.jpg
CAS(ME)3,17,2,0,1638,1641,1648,D:\HTNet-master\NEW_MODEL\CASME_3\17\color\17_2\1638.jpg,D:\HTNet-master\NEW_MODEL\CASME_3\17\color\17_2\1641.jpg,D:\HTNet-master\NEW_MODEL\CASME_3\17\color\17_2\1648.jpg
CAS(ME)3,17,3,0,1743,1752,1753,D:\HTNet-master\NEW_MODEL\CASME_3\17\color\17_3\1743.jpg,D:\HTNet-master\NEW_MODEL\CASME_3\17\color\17_3\1752.jpg,D:\HTNet-master\NEW_MODEL\CASME_3\17\color\17_3\1753.jpg
CAS(ME)3,17,4,2,1783,1785,1793,D:\HTNet-master\NEW_MODEL\CASME_3\17\color\17_4\1783.jpg,D:\HTNet-master\NEW_MODEL\CASME_3\17\color\17_4\1785.jpg,D:\HTNet-master\NEW_MODEL\CASME_3\17\color\17_4\1793.jpg
CAS(ME)3,17,5,2,1953,1960,1966,D:\HTNet-master\NEW_MODEL\CASME_3\17\color\17_5\1953.jpg,D:\HTNet-master\NEW_MODEL\CASME_3\17\color\17_5\1960.jpg,D:\HTNet-master\NEW_MODEL\CASME_3\17\color\17_5\1966.jpg
CAS(ME)3,17,6,0,2317,2321,2332,D:\HTNet-master\NEW_MODEL\CASME_3\17\color\17_6\2317.jpg,D:\HTNet-master\NEW_MODEL\CASME_3\17\color\17_6\2321.jpg,D:\HTNet-master\NEW_MODEL\CASME_3\17\color\17_6\2332.jpg
CAS(ME)3,17,7,0,3168,3175,3180,D:\HTNet-master\NEW_MODEL\CASME_3\17\color\17_7\3168.jpg,D:\HTNet-master\NEW_MODEL\CASME_3\17\color\17_7\3175.jpg,D:\HTNet-master\NEW_MODEL\CASME_3\17\color\17_7\3180.jpg
CAS(ME)3,17,8,0,3436,3441,3446,D:\HTNet-master\NEW_MODEL\CASME_3\17\color\17_8\3436.jpg,D:\HTNet-master\NEW_MODEL\CASME_3\17\color\17_8\3441.jpg,D:\HTNet-master\NEW_MODEL\CASME_3\17\color\17_8\3446.jpg
CAS(ME)3,17,9,1,3761,3764,3770,D:\HTNet-master\NEW_MODEL\CASME_3\17\color\17_9\3762.jpg,D:\HTNet-master\NEW_MODEL\CASME_3\17\color\17_9\3764.jpg,D:\HTNet-master\NEW_MODEL\CASME_3\17\color\17_9\3770.jpg
CAS(ME)3,17,10,0,4037,4040,4049,D:\HTNet-master\NEW_MODEL\CASME_3\17\color\17_10\4037.jpg,D:\HTNet-master\NEW_MODEL\CASME_3\17\color\17_10\4040.jpg,D:\HTNet-master\NEW_MODEL\CASME_3\17\color\17_10\4049.jpg
CAS(ME)3,17,11,0,5441,5449,5456,D:\HTNet-master\NEW_MODEL\CASME_3\17\color\17_11\5441.jpg,D:\HTNet-master\NEW_MODEL\CASME_3\17\color\17_11\5449.jpg,D:\HTNet-master\NEW_MODEL\CASME_3\17\color\17_11\5456.jpg
CAS(ME)3,17,12,2,6128,6134,6141,D:\HTNet-master\NEW_MODEL\CASME_3\17\color\17_12\6128.jpg,D:\HTNet-master\NEW_MODEL\CASME_3\17\color\17_12\6134.jpg,D:\HTNet-master\NEW_MODEL\CASME_3\17\color\17_12\6141.jpg
CAS(ME)3,17,13,0,7752,7757,7757,D:\HTNet-master\NEW_MODEL\CASME_3\17\color\17_13\7752.jpg,D:\HTNet-master\NEW_MODEL\CASME_3\17\color\17_13\7757.jpg,D:\HTNet-master\NEW_MODEL\CASME_3\17\color\17_13\7757.jpg
CAS(ME)3,17,14,0,8339,8345,8349,D:\HTNet-master\NEW_MODEL\CASME_3\17\color\17_14\8339.jpg,D:\HTNet-master\NEW_MODEL\CASME_3\17\color\17_14\8345.jpg,D:\HTNet-master\NEW_MODEL\CASME_3\17\color\17_14\8349.jpg
CAS(ME)3,17,15,0,8973,8981,8987,D:\HTNet-master\NEW_MODEL\CASME_3\17\color\17_15\8974.jpg,D:\HTNet-master\NEW_MODEL\CASME_3\17\color\17_15\8981.jpg,D:\HTNet-master\NEW_MODEL\CASME_3\17\color\17_15\8987.jpg
CAS(ME)3,17,16,0,12545,12551,12558,D:\HTNet-master\NEW_MODEL\CASME_3\17\color\17_16\12546.jpg,D:\HTNet-master\NEW_MODEL\CASME_3\17\color\17_16\12551.jpg,D:\HTNet-master\NEW_MODEL\CASME_3\17\color\17_16\12558.jpg
CAS(ME)3,17,17,0,12580,12584,12591,D:\HTNet-master\NEW_MODEL\CASME_3\17\color\17_17\12580.jpg,D:\HTNet-master\NEW_MODEL\CASME_3\17\color\17_17\12584.jpg,D:\HTNet-master\NEW_MODEL\CASME_3\17\color\17_17\12591.jpg
CAS(ME)3,18,1,0,1747,1752,1755,D:\HTNet-master\NEW_MODEL\CASME_3\18\color\18_1\1747.jpg,D:\HTNet-master\NEW_MODEL\CASME_3\18\color\18_1\1752.jpg,D:\HTNet-master\NEW_MODEL\CASME_3\18\color\18_1\1755.jpg
CAS(ME)3,18,2,0,1964,1966,1969,D:\HTNet-master\NEW_MODEL\CASME_3\18\color\18_2\1964.jpg,D:\HTNet-master\NEW_MODEL\CASME_3\18\color\18_2\1966.jpg,D:\HTNet-master\NEW_MODEL\CASME_3\18\color\18_2\1969.jpg
CAS(ME)3,18,3,2,6325,6333,6339,D:\HTNet-master\NEW_MODEL\CASME_3\18\color\18_3\6325.jpg,D:\HTNet-master\NEW_MODEL\CASME_3\18\color\18_3\6333.jpg,D:\HTNet-master\NEW_MODEL\CASME_3\18\color\18_3\6339.jpg
CAS(ME)3,18,4,2,6500,6505,6511,D:\HTNet-master\NEW_MODEL\CASME_3\18\color\18_4\6500.jpg,D:\HTNet-master\NEW_MODEL\CASME_3\18\color\18_4\6505.jpg,D:\HTNet-master\NEW_MODEL\CASME_3\18\color\18_4\6511.jpg
CAS(ME)3,18,5,0,7604,7610,7616,D:\HTNet-master\NEW_MODEL\CASME_3\18\color\18_5\7604.jpg,D:\HTNet-master\NEW_MODEL\CASME_3\18\color\18_5\7610.jpg,D:\HTNet-master\NEW_MODEL\CASME_3\18\color\18_5\7616.jpg
CAS(ME)3,18,6,0,11933,11937,11939,D:\HTNet-master\NEW_MODEL\CASME_3\18\color\18_6\11934.jpg,D:\HTNet-master\NEW_MODEL\CASME_3\18\color\18_6\11937.jpg,D:\HTNet-master\NEW_MODEL\CASME_3\18\color\18_6\11939.jpg
CAS(ME)3,19,1,2,2526,2529,2529,D:\HTNet-master\NEW_MODEL\CASME_3\19\color\19_1\2526.jpg,D:\HTNet-master\NEW_MODEL\CASME_3\19\color\19_1\2529.jpg,D:\HTNet-master\NEW_MODEL\CASME_3\19\color\19_1\2529.jpg
CAS(ME)3,19,2,0,4038,4048,4050,D:\HTNet-master\NEW_MODEL\CASME_3\19\color\19_2\4038.jpg,D:\HTNet-master\NEW_MODEL\CASME_3\19\color\19_2\4048.jpg,D:\HTNet-master\NEW_MODEL\CASME_3\19\color\19_2\4050.jpg
CAS(ME)3,19,3,0,4041,4042,4048,D:\HTNet-master\NEW_MODEL\CASME_3\19\color\19_3\4041.jpg,D:\HTNet-master\NEW_MODEL\CASME_3\19\color\19_3\4042.jpg,D:\HTNet-master\NEW_MODEL\CASME_3\19\color\19_3\4048.jpg
CAS(ME)3,19,4,2,5263,5266,5267,D:\HTNet-master\NEW_MODEL\CASME_3\19\color\19_4\5263.jpg,D:\HTNet-master\NEW_MODEL\CASME_3\19\color\19_4\5266.jpg,D:\HTNet-master\NEW_MODEL\CASME_3\19\color\19_4\5267.jpg
CAS(ME)3,19,5,0,7159,7166,7169,D:\HTNet-master\NEW_MODEL\CASME_3\19\color\19_5\7159.jpg,D:\HTNet-master\NEW_MODEL\CASME_3\19\color\19_5\7166.jpg,D:\HTNet-master\NEW_MODEL\CASME_3\19\color\19_5\7169.jpg
CAS(ME)3,19,6,0,7285,7288,7292,D:\HTNet-master\NEW_MODEL\CASME_3\19\color\19_6\7285.jpg,D:\HTNet-master\NEW_MODEL\CASME_3\19\color\19_6\7288.jpg,D:\HTNet-master\NEW_MODEL\CASME_3\19\color\19_6\7292.jpg
CAS(ME)3,19,7,0,9038,9053,9054,D:\HTNet-master\NEW_MODEL\CASME_3\19\color\19_7\9038.jpg,D:\HTNet-master\NEW_MODEL\CASME_3\19\color\19_7\9053.jpg,D:\HTNet-master\NEW_MODEL\CASME_3\19\color\19_7\9054.jpg
CAS(ME)3,20,1,0,426,427,441,D:\HTNet-master\NEW_MODEL\CASME_3\20\color\20_1\427.jpg,D:\HTNet-master\NEW_MODEL\CASME_3\20\color\20_1\427.jpg,D:\HTNet-master\NEW_MODEL\CASME_3\20\color\20_1\438.jpg
CAS(ME)3,20,2,0,1492,1492,1501,D:\HTNet-master\NEW_MODEL\CASME_3\20\color\20_2\1492.jpg,D:\HTNet-master\NEW_MODEL\CASME_3\20\color\20_2\1492.jpg,D:\HTNet-master\NEW_MODEL\CASME_3\20\color\20_2\1501.jpg
CAS(ME)3,20,3,1,2500,2500,2510,D:\HTNet-master\NEW_MODEL\CASME_3\20\color\20_3\2500.jpg,D:\HTNet-master\NEW_MODEL\CASME_3\20\color\20_3\2500.jpg,D:\HTNet-master\NEW_MODEL\CASME_3\20\color\20_3\2510.jpg
CAS(ME)3,20,4,0,6242,6242,6250,D:\HTNet-master\NEW_MODEL\CASME_3\20\color\20_4\6242.jpg,D:\HTNet-master\NEW_MODEL\CASME_3\20\color\20_4\6242.jpg,D:\HTNet-master\NEW_MODEL\CASME_3\20\color\20_4\6250.jpg
CAS(ME)3,20,5,0,6668,6668,6677,D:\HTNet-master\NEW_MODEL\CASME_3\20\color\20_5\6668.jpg,D:\HTNet-master\NEW_MODEL\CASME_3\20\color\20_5\6668.jpg,D:\HTNet-master\NEW_MODEL\CASME_3\20\color\20_5\6677.jpg
CAS(ME)3,20,6,0,6930,6931,6935,D:\HTNet-master\NEW_MODEL\CASME_3\20\color\20_6\6931.jpg,D:\HTNet-master\NEW_MODEL\CASME_3\20\color\20_6\6931.jpg,D:\HTNet-master\NEW_MODEL\CASME_3\20\color\20_6\6935.jpg
CAS(ME)3,20,7,-1,7105,7108,7111,D:\HTNet-master\NEW_MODEL\CASME_3\20\color\20_7\7105.jpg,D:\HTNet-master\NEW_MODEL\CASME_3\20\color\20_7\7108.jpg,D:\HTNet-master\NEW_MODEL\CASME_3\20\color\20_7\7111.jpg
CAS(ME)3,20,8,0,8271,8271,8278,D:\HTNet-master\NEW_MODEL\CASME_3\20\color\20_8\8271.jpg,D:\HTNet-master\NEW_MODEL\CASME_3\20\color\20_8\8271.jpg,D:\HTNet-master\NEW_MODEL\CASME_3\20\color\20_8\8278.jpg
CAS(ME)3,20,9,-1,8999,8999,9007,D:\HTNet-master\NEW_MODEL\CASME_3\20\color\20_9\8999.jpg,D:\HTNet-master\NEW_MODEL\CASME_3\20\color\20_9\8999.jpg,D:\HTNet-master\NEW_MODEL\CASME_3\20\color\20_9\9007.jpg
CAS(ME)3,20,10,1,9623,9623,9633,D:\HTNet-master\NEW_MODEL\CASME_3\20\color\20_10\9623.jpg,D:\HTNet-master\NEW_MODEL\CASME_3\20\color\20_10\9623.jpg,D:\HTNet-master\NEW_MODEL\CASME_3\20\color\20_10\9633.jpg
CAS(ME)3,20,11,2,11116,11117,11124,D:\HTNet-master\NEW_MODEL\CASME_3\20\color\20_11\11117.jpg,D:\HTNet-master\NEW_MODEL\CASME_3\20\color\20_11\11117.jpg,D:\HTNet-master\NEW_MODEL\CASME_3\20\color\20_11\11124.jpg
CAS(ME)3,20,12,2,11587,11587,11593,D:\HTNet-master\NEW_MODEL\CASME_3\20\color\20_12\11587.jpg,D:\HTNet-master\NEW_MODEL\CASME_3\20\color\20_12\11587.jpg,D:\HTNet-master\NEW_MODEL\CASME_3\20\color\20_12\11593.jpg
CAS(ME)3,21,1,0,4080,4085,4089,D:\HTNet-master\NEW_MODEL\CASME_3\21\color\21_1\4080.jpg,D:\HTNet-master\NEW_MODEL\CASME_3\21\color\21_1\4085.jpg,D:\HTNet-master\NEW_MODEL\CASME_3\21\color\21_1\4089.jpg
CAS(ME)3,21,2,0,11727,11729,11734,D:\HTNet-master\NEW_MODEL\CASME_3\21\color\21_2\11727.jpg,D:\HTNet-master\NEW_MODEL\CASME_3\21\color\21_2\11729.jpg,D:\HTNet-master\NEW_MODEL\CASME_3\21\color\21_2\11734.jpg
CAS(ME)3,21,3,0,12322,12325,12329,D:\HTNet-master\NEW_MODEL\CASME_3\21\color\21_3\12322.jpg,D:\HTNet-master\NEW_MODEL\CASME_3\21\color\21_3\12325.jpg,D:\HTNet-master\NEW_MODEL\CASME_3\21\color\21_3\12329.jpg
CAS(ME)3,23,1,0,7004,7005,7011,D:\HTNet-master\NEW_MODEL\CASME_3\23\color\23_1\7004.jpg,D:\HTNet-master\NEW_MODEL\CASME_3\23\color\23_1\7005.jpg,D:\HTNet-master\NEW_MODEL\CASME_3\23\color\23_1\7011.jpg
CAS(ME)3,23,2,2,7529,7537,7539,D:\HTNet-master\NEW_MODEL\CASME_3\23\color\23_2\7529.jpg,D:\HTNet-master\NEW_MODEL\CASME_3\23\color\23_2\7537.jpg,D:\HTNet-master\NEW_MODEL\CASME_3\23\color\23_2\7539.jpg
CAS(ME)3,23,3,2,8166,8169,8178,D:\HTNet-master\NEW_MODEL\CASME_3\23\color\23_3\8166.jpg,D:\HTNet-master\NEW_MODEL\CASME_3\23\color\23_3\8169.jpg,D:\HTNet-master\NEW_MODEL\CASME_3\23\color\23_3\8178.jpg
CAS(ME)3,23,4,0,9123,9130,9133,D:\HTNet-master\NEW_MODEL\CASME_3\23\color\23_4\9123.jpg,D:\HTNet-master\NEW_MODEL\CASME_3\23\color\23_4\9130.jpg,D:\HTNet-master\NEW_MODEL\CASME_3\23\color\23_4\9133.jpg
CAS(ME)3,23,5,0,10255,10265,10268,D:\HTNet-master\NEW_MODEL\CASME_3\23\color\23_5\10256.jpg,D:\HTNet-master\NEW_MODEL\CASME_3\23\color\23_5\10265.jpg,D:\HTNet-master\NEW_MODEL\CASME_3\23\color\23_5\10268.jpg
CAS(ME)3,23,6,0,10641,10648,10650,D:\HTNet-master\NEW_MODEL\CASME_3\23\color\23_6\10641.jpg,D:\HTNet-master\NEW_MODEL\CASME_3\23\color\23_6\10648.jpg,D:\HTNet-master\NEW_MODEL\CASME_3\23\color\23_6\10649.jpg
CAS(ME)3,23,7,2,13611,13621,13625,D:\HTNet-master\NEW_MODEL\CASME_3\23\color\23_7\13611.jpg,D:\HTNet-master\NEW_MODEL\CASME_3\23\color\23_7\13621.jpg,D:\HTNet-master\NEW_MODEL\CASME_3\23\color\23_7\13625.jpg
CAS(ME)3,23,8,0,14804,14813,14816,D:\HTNet-master\NEW_MODEL\CASME_3\23\color\23_8\14804.jpg,D:\HTNet-master\NEW_MODEL\CASME_3\23\color\23_8\14813.jpg,D:\HTNet-master\NEW_MODEL\CASME_3\23\color\23_8\14814.jpg
CAS(ME)3,24,1,0,1120,1129,1134,D:\HTNet-master\NEW_MODEL\CASME_3\24\color\24_1\1120.jpg,D:\HTNet-master\NEW_MODEL\CASME_3\24\color\24_1\1129.jpg,D:\HTNet-master\NEW_MODEL\CASME_3\24\color\24_1\1134.jpg
CAS(ME)3,24,2,1,2713,2722,2727,D:\HTNet-master\NEW_MODEL\CASME_3\24\color\24_2\2713.jpg,D:\HTNet-master\NEW_MODEL\CASME_3\24\color\24_2\2722.jpg,D:\HTNet-master\NEW_MODEL\CASME_3\24\color\24_2\2727.jpg
CAS(ME)3,24,3,2,3133,3136,3137,D:\HTNet-master\NEW_MODEL\CASME_3\24\color\24_3\3133.jpg,D:\HTNet-master\NEW_MODEL\CASME_3\24\color\24_3\3136.jpg,D:\HTNet-master\NEW_MODEL\CASME_3\24\color\24_3\3137.jpg
CAS(ME)3,24,4,0,4610,4619,4622,D:\HTNet-master\NEW_MODEL\CASME_3\24\color\24_4\4611.jpg,D:\HTNet-master\NEW_MODEL\CASME_3\24\color\24_4\4619.jpg,D:\HTNet-master\NEW_MODEL\CASME_3\24\color\24_4\4622.jpg
CAS(ME)3,24,5,0,8354,8357,8364,D:\HTNet-master\NEW_MODEL\CASME_3\24\color\24_5\8354.jpg,D:\HTNet-master\NEW_MODEL\CASME_3\24\color\24_5\8357.jpg,D:\HTNet-master\NEW_MODEL\CASME_3\24\color\24_5\8364.jpg
CAS(ME)3,24,6,0,12394,12403,12406,D:\HTNet-master\NEW_MODEL\CASME_3\24\color\24_6\12394.jpg,D:\HTNet-master\NEW_MODEL\CASME_3\24\color\24_6\12403.jpg,D:\HTNet-master\NEW_MODEL\CASME_3\24\color\24_6\12406.jpg
CAS(ME)3,24,7,0,12635,12637,12644,D:\HTNet-master\NEW_MODEL\CASME_3\24\color\24_7\12635.jpg,D:\HTNet-master\NEW_MODEL\CASME_3\24\color\24_7\12637.jpg,D:\HTNet-master\NEW_MODEL\CASME_3\24\color\24_7\12644.jpg
CAS(ME)3,24,8,0,15296,15305,15308,D:\HTNet-master\NEW_MODEL\CASME_3\24\color\24_8\15296.jpg,D:\HTNet-master\NEW_MODEL\CASME_3\24\color\24_8\15305.jpg,D:\HTNet-master\NEW_MODEL\CASME_3\24\color\24_8\15308.jpg
CAS(ME)3,25,1,1,987,1001,1001,D:\HTNet-master\NEW_MODEL\CASME_3\25\color\25_1\987.jpg,D:\HTNet-master\NEW_MODEL\CASME_3\25\color\25_1\1001.jpg,D:\HTNet-master\NEW_MODEL\CASME_3\25\color\25_1\1001.jpg
CAS(ME)3,25,2,0,6804,6809,6816,D:\HTNet-master\NEW_MODEL\CASME_3\25\color\25_2\6804.jpg,D:\HTNet-master\NEW_MODEL\CASME_3\25\color\25_2\6809.jpg,D:\HTNet-master\NEW_MODEL\CASME_3\25\color\25_2\6816.jpg
CAS(ME)3,25,3,-1,7471,7479,7480,D:\HTNet-master\NEW_MODEL\CASME_3\25\color\25_3\7471.jpg,D:\HTNet-master\NEW_MODEL\CASME_3\25\color\25_3\7479.jpg,D:\HTNet-master\NEW_MODEL\CASME_3\25\color\25_3\7480.jpg
CAS(ME)3,25,4,0,7800,7803,7808,D:\HTNet-master\NEW_MODEL\CASME_3\25\color\25_4\7800.jpg,D:\HTNet-master\NEW_MODEL\CASME_3\25\color\25_4\7803.jpg,D:\HTNet-master\NEW_MODEL\CASME_3\25\color\25_4\7808.jpg
CAS(ME)3,26,1,0,534,541,548,D:\HTNet-master\NEW_MODEL\CASME_3\26\color\26_1\535.jpg,D:\HTNet-master\NEW_MODEL\CASME_3\26\color\26_1\541.jpg,D:\HTNet-master\NEW_MODEL\CASME_3\26\color\26_1\548.jpg
CAS(ME)3,26,2,0,707,713,714,D:\HTNet-master\NEW_MODEL\CASME_3\26\color\26_2\708.jpg,D:\HTNet-master\NEW_MODEL\CASME_3\26\color\26_2\713.jpg,D:\HTNet-master\NEW_MODEL\CASME_3\26\color\26_2\714.jpg
CAS(ME)3,26,3,0,3573,3577,3579,D:\HTNet-master\NEW_MODEL\CASME_3\26\color\26_3\3574.jpg,D:\HTNet-master\NEW_MODEL\CASME_3\26\color\26_3\3577.jpg,D:\HTNet-master\NEW_MODEL\CASME_3\26\color\26_3\3579.jpg
CAS(ME)3,26,4,0,11842,11849,11854,D:\HTNet-master\NEW_MODEL\CASME_3\26\color\26_4\11842.jpg,D:\HTNet-master\NEW_MODEL\CASME_3\26\color\26_4\11849.jpg,D:\HTNet-master\NEW_MODEL\CASME_3\26\color\26_4\11852.jpg
CAS(ME)3,27,1,0,99,105,107,D:\HTNet-master\NEW_MODEL\CASME_3\27\color\27_1\99.jpg,D:\HTNet-master\NEW_MODEL\CASME_3\27\color\27_1\105.jpg,D:\HTNet-master\NEW_MODEL\CASME_3\27\color\27_1\107.jpg
CAS(ME)3,28,1,1,3935,3945,3946,D:\HTNet-master\NEW_MODEL\CASME_3\28\color\28_1\3935.jpg,D:\HTNet-master\NEW_MODEL\CASME_3\28\color\28_1\3945.jpg,D:\HTNet-master\NEW_MODEL\CASME_3\28\color\28_1\3946.jpg
CAS(ME)3,28,2,1,10501,10504,10514,D:\HTNet-master\NEW_MODEL\CASME_3\28\color\28_2\10501.jpg,D:\HTNet-master\NEW_MODEL\CASME_3\28\color\28_2\10504.jpg,D:\HTNet-master\NEW_MODEL\CASME_3\28\color\28_2\10513.jpg
CAS(ME)3,29,1,-1,7702,7712,7736,D:\HTNet-master\NEW_MODEL\CASME_3\29\color\29_1\7702.jpg,D:\HTNet-master\NEW_MODEL\CASME_3\29\color\29_1\7712.jpg,D:\HTNet-master\NEW_MODEL\CASME_3\29\color\29_1\7736.jpg
CAS(ME)3,29,2,-1,7804,7808,7812,D:\HTNet-master\NEW_MODEL\CASME_3\29\color\29_2\7804.jpg,D:\HTNet-master\NEW_MODEL\CASME_3\29\color\29_2\7808.jpg,D:\HTNet-master\NEW_MODEL\CASME_3\29\color\29_2\7812.jpg
CAS(ME)3,29,3,-1,8447,8452,8462,D:\HTNet-master\NEW_MODEL\CASME_3\29\color\29_3\8447.jpg,D:\HTNet-master\NEW_MODEL\CASME_3\29\color\29_3\8452.jpg,D:\HTNet-master\NEW_MODEL\CASME_3\29\color\29_3\8462.jpg
CAS(ME)3,29,4,-1,9285,9289,9293,D:\HTNet-master\NEW_MODEL\CASME_3\29\color\29_4\9285.jpg,D:\HTNet-master\NEW_MODEL\CASME_3\29\color\29_4\9289.jpg,D:\HTNet-master\NEW_MODEL\CASME_3\29\color\29_4\9292.jpg
CAS(ME)3,29,5,-1,11481,11486,11492,D:\HTNet-master\NEW_MODEL\CASME_3\29\color\29_5\11481.jpg,D:\HTNet-master\NEW_MODEL\CASME_3\29\color\29_5\11486.jpg,D:\HTNet-master\NEW_MODEL\CASME_3\29\color\29_5\11492.jpg
CAS(ME)3,30,1,0,1335,1337,1345,D:\HTNet-master\NEW_MODEL\CASME_3\30\color\30_1\1335.jpg,D:\HTNet-master\NEW_MODEL\CASME_3\30\color\30_1\1337.jpg,D:\HTNet-master\NEW_MODEL\CASME_3\30\color\30_1\1345.jpg
CAS(ME)3,30,2,2,2373,2381,2384,D:\HTNet-master\NEW_MODEL\CASME_3\30\color\30_2\2373.jpg,D:\HTNet-master\NEW_MODEL\CASME_3\30\color\30_2\2381.jpg,D:\HTNet-master\NEW_MODEL\CASME_3\30\color\30_2\2384.jpg
CAS(ME)3,30,3,2,2391,2397,2397,D:\HTNet-master\NEW_MODEL\CASME_3\30\color\30_3\2393.jpg,D:\HTNet-master\NEW_MODEL\CASME_3\30\color\30_3\2397.jpg,D:\HTNet-master\NEW_MODEL\CASME_3\30\color\30_3\2397.jpg
CAS(ME)3,30,4,0,2425,2438,2440,D:\HTNet-master\NEW_MODEL\CASME_3\30\color\30_4\2425.jpg,D:\HTNet-master\NEW_MODEL\CASME_3\30\color\30_4\2438.jpg,D:\HTNet-master\NEW_MODEL\CASME_3\30\color\30_4\2440.jpg
CAS(ME)3,30,5,0,3049,3050,3053,D:\HTNet-master\NEW_MODEL\CASME_3\30\color\30_5\3049.jpg,D:\HTNet-master\NEW_MODEL\CASME_3\30\color\30_5\3050.jpg,D:\HTNet-master\NEW_MODEL\CASME_3\30\color\30_5\3053.jpg
CAS(ME)3,30,6,2,3077,3080,3084,D:\HTNet-master\NEW_MODEL\CASME_3\30\color\30_6\3077.jpg,D:\HTNet-master\NEW_MODEL\CASME_3\30\color\30_6\3080.jpg,D:\HTNet-master\NEW_MODEL\CASME_3\30\color\30_6\3084.jpg
CAS(ME)3,30,7,0,6408,6417,6422,D:\HTNet-master\NEW_MODEL\CASME_3\30\color\30_7\6408.jpg,D:\HTNet-master\NEW_MODEL\CASME_3\30\color\30_7\6417.jpg,D:\HTNet-master\NEW_MODEL\CASME_3\30\color\30_7\6422.jpg
CAS(ME)3,30,8,0,6410,6417,6420,D:\HTNet-master\NEW_MODEL\CASME_3\30\color\30_8\6410.jpg,D:\HTNet-master\NEW_MODEL\CASME_3\30\color\30_8\6417.jpg,D:\HTNet-master\NEW_MODEL\CASME_3\30\color\30_8\6420.jpg
CAS(ME)3,30,9,0,7295,7306,7311,D:\HTNet-master\NEW_MODEL\CASME_3\30\color\30_9\7295.jpg,D:\HTNet-master\NEW_MODEL\CASME_3\30\color\30_9\7306.jpg,D:\HTNet-master\NEW_MODEL\CASME_3\30\color\30_9\7311.jpg
CAS(ME)3,30,10,0,7642,7656,7658,D:\HTNet-master\NEW_MODEL\CASME_3\30\color\30_10\7642.jpg,D:\HTNet-master\NEW_MODEL\CASME_3\30\color\30_10\7656.jpg,D:\HTNet-master\NEW_MODEL\CASME_3\30\color\30_10\7658.jpg
CAS(ME)3,30,11,0,10386,10394,10397,D:\HTNet-master\NEW_MODEL\CASME_3\30\color\30_11\10386.jpg,D:\HTNet-master\NEW_MODEL\CASME_3\30\color\30_11\10394.jpg,D:\HTNet-master\NEW_MODEL\CASME_3\30\color\30_11\10397.jpg
CAS(ME)3,30,12,0,11013,11025,11027,D:\HTNet-master\NEW_MODEL\CASME_3\30\color\30_12\11013.jpg,D:\HTNet-master\NEW_MODEL\CASME_3\30\color\30_12\11025.jpg,D:\HTNet-master\NEW_MODEL\CASME_3\30\color\30_12\11027.jpg
CAS(ME)3,30,13,0,13351,13353,13360,D:\HTNet-master\NEW_MODEL\CASME_3\30\color\30_13\13351.jpg,D:\HTNet-master\NEW_MODEL\CASME_3\30\color\30_13\13353.jpg,D:\HTNet-master\NEW_MODEL\CASME_3\30\color\30_13\13360.jpg
CAS(ME)3,31,1,-1,1691,1702,1705,D:\HTNet-master\NEW_MODEL\CASME_3\31\color\31_1\1691.jpg,D:\HTNet-master\NEW_MODEL\CASME_3\31\color\31_1\1702.jpg,D:\HTNet-master\NEW_MODEL\CASME_3\31\color\31_1\1704.jpg
CAS(ME)3,31,2,0,2018,2019,2034,D:\HTNet-master\NEW_MODEL\CASME_3\31\color\31_2\2018.jpg,D:\HTNet-master\NEW_MODEL\CASME_3\31\color\31_2\2019.jpg,D:\HTNet-master\NEW_MODEL\CASME_3\31\color\31_2\2034.jpg
CAS(ME)3,31,3,2,2707,2715,2715,D:\HTNet-master\NEW_MODEL\CASME_3\31\color\31_3\2708.jpg,D:\HTNet-master\NEW_MODEL\CASME_3\31\color\31_3\2715.jpg,D:\HTNet-master\NEW_MODEL\CASME_3\31\color\31_3\2715.jpg
CAS(ME)3,31,4,1,4470,4474,4480,D:\HTNet-master\NEW_MODEL\CASME_3\31\color\31_4\4471.jpg,D:\HTNet-master\NEW_MODEL\CASME_3\31\color\31_4\4474.jpg,D:\HTNet-master\NEW_MODEL\CASME_3\31\color\31_4\4480.jpg
CAS(ME)3,31,5,-1,8499,8504,8513,D:\HTNet-master\NEW_MODEL\CASME_3\31\color\31_5\8499.jpg,D:\HTNet-master\NEW_MODEL\CASME_3\31\color\31_5\8504.jpg,D:\HTNet-master\NEW_MODEL\CASME_3\31\color\31_5\8513.jpg
CAS(ME)3,31,6,-1,10211,10227,10227,D:\HTNet-master\NEW_MODEL\CASME_3\31\color\31_6\10211.jpg,D:\HTNet-master\NEW_MODEL\CASME_3\31\color\31_6\10227.jpg,D:\HTNet-master\NEW_MODEL\CASME_3\31\color\31_6\10227.jpg
CAS(ME)3,31,7,-1,11864,11873,11880,D:\HTNet-master\NEW_MODEL\CASME_3\31\color\31_7\11864.jpg,D:\HTNet-master\NEW_MODEL\CASME_3\31\color\31_7\11873.jpg,D:\HTNet-master\NEW_MODEL\CASME_3\31\color\31_7\11878.jpg
CAS(ME)3,31,8,0,15874,15882,15883,D:\HTNet-master\NEW_MODEL\CASME_3\31\color\31_8\15875.jpg,D:\HTNet-master\NEW_MODEL\CASME_3\31\color\31_8\15882.jpg,D:\HTNet-master\NEW_MODEL\CASME_3\31\color\31_8\15883.jpg
CAS(ME)3,31,9,2,16098,16103,16108,D:\HTNet-master\NEW_MODEL\CASME_3\31\color\31_9\16098.jpg,D:\HTNet-master\NEW_MODEL\CASME_3\31\color\31_9\16103.jpg,D:\HTNet-master\NEW_MODEL\CASME_3\31\color\31_9\16108.jpg
CAS(ME)3,31,10,2,16427,16434,16440,D:\HTNet-master\NEW_MODEL\CASME_3\31\color\31_10\16429.jpg,D:\HTNet-master\NEW_MODEL\CASME_3\31\color\31_10\16434.jpg,D:\HTNet-master\NEW_MODEL\CASME_3\31\color\31_10\16440.jpg
